﻿<?xml version="1.0" encoding="utf-8"?>
<bnd3>
  <filename>ds1r_paramdef.paramdefbnd</filename>
  <compression>None</compression>
  <timestamp>07D7R6</timestamp>
  <format>0x74</format>
  <bigendian>False</bigendian>
  <unk1>False</unk1>
  <unk2>0x00000000</unk2>
  <files>
    <file>
      <flags>0x40</flags>
      <id>0</id>
      <root>N:\FRPG\data\INTERROOT_win32\</root>
      <path>paramdef\FOG_BANK.paramdef</path>
    </file>
    <file>
      <flags>0x40</flags>
      <id>1</id>
      <root>N:\FRPG\data\INTERROOT_win32\</root>
      <path>paramdef\LIGHT_BANK.paramdef</path>
    </file>
    <file>
      <flags>0x40</flags>
      <id>2</id>
      <root>N:\FRPG\data\INTERROOT_win32\</root>
      <path>paramdef\LIGHT_SCATTERING_BANK.paramdef</path>
    </file>
    <file>
      <flags>0x40</flags>
      <id>3</id>
      <root>N:\FRPG\data\INTERROOT_win32\</root>
      <path>paramdef\POINT_LIGHT_BANK.paramdef</path>
    </file>
    <file>
      <flags>0x40</flags>
      <id>4</id>
      <root>N:\FRPG\data\INTERROOT_win32\</root>
      <path>paramdef\LENS_FLARE_BANK.paramdef</path>
    </file>
    <file>
      <flags>0x40</flags>
      <id>5</id>
      <root>N:\FRPG\data\INTERROOT_win32\</root>
      <path>paramdef\DOF_BANK.paramdef</path>
    </file>
    <file>
      <flags>0x40</flags>
      <id>6</id>
      <root>N:\FRPG\data\INTERROOT_win32\</root>
      <path>paramdef\TONE_MAP_BANK.paramdef</path>
    </file>
    <file>
      <flags>0x40</flags>
      <id>7</id>
      <root>N:\FRPG\data\INTERROOT_win32\</root>
      <path>paramdef\TONE_CORRECT_BANK.paramdef</path>
    </file>
    <file>
      <flags>0x40</flags>
      <id>8</id>
      <root>N:\FRPG\data\INTERROOT_win32\</root>
      <path>paramdef\SHADOW_BANK.paramdef</path>
    </file>
    <file>
      <flags>0x40</flags>
      <id>9</id>
      <root>N:\FRPG\data\INTERROOT_win32\</root>
      <path>paramdef\LENS_FLARE_EX_BANK.paramdef</path>
    </file>
    <file>
      <flags>0x40</flags>
      <id>10</id>
      <root>N:\FRPG\data\INTERROOT_win32\</root>
      <path>paramdef\ENV_LIGHT_TEX_BANK.paramdef</path>
    </file>
    <file>
      <flags>0x40</flags>
      <id>11</id>
      <root>N:\FRPG\data\INTERROOT_win32\</root>
      <path>paramdef\LOD_BANK.paramdef</path>
    </file>
    <file>
      <flags>0x40</flags>
      <id>12</id>
      <root>N:\FRPG\data\INTERROOT_win32\</root>
      <path>paramdef\EQUIP_PARAM_WEAPON_ST.paramdef</path>
    </file>
    <file>
      <flags>0x40</flags>
      <id>13</id>
      <root>N:\FRPG\data\INTERROOT_win32\</root>
      <path>paramdef\EQUIP_PARAM_PROTECTOR_ST.paramdef</path>
    </file>
    <file>
      <flags>0x40</flags>
      <id>14</id>
      <root>N:\FRPG\data\INTERROOT_win32\</root>
      <path>paramdef\EQUIP_PARAM_ACCESSORY_ST.paramdef</path>
    </file>
    <file>
      <flags>0x40</flags>
      <id>15</id>
      <root>N:\FRPG\data\INTERROOT_win32\</root>
      <path>paramdef\EQUIP_PARAM_GOODS_ST.paramdef</path>
    </file>
    <file>
      <flags>0x40</flags>
      <id>16</id>
      <root>N:\FRPG\data\INTERROOT_win32\</root>
      <path>paramdef\REINFORCE_PARAM_WEAPON_ST.paramdef</path>
    </file>
    <file>
      <flags>0x40</flags>
      <id>17</id>
      <root>N:\FRPG\data\INTERROOT_win32\</root>
      <path>paramdef\REINFORCE_PARAM_PROTECTOR_ST.paramdef</path>
    </file>
    <file>
      <flags>0x40</flags>
      <id>18</id>
      <root>N:\FRPG\data\INTERROOT_win32\</root>
      <path>paramdef\EQUIP_MTRL_SET_PARAM_ST.paramdef</path>
    </file>
    <file>
      <flags>0x40</flags>
      <id>19</id>
      <root>N:\FRPG\data\INTERROOT_win32\</root>
      <path>paramdef\SHOP_LINEUP_PARAM.paramdef</path>
    </file>
    <file>
      <flags>0x40</flags>
      <id>20</id>
      <root>N:\FRPG\data\INTERROOT_win32\</root>
      <path>paramdef\AI_STANDARD_INFO_BANK.paramdef</path>
    </file>
    <file>
      <flags>0x40</flags>
      <id>21</id>
      <root>N:\FRPG\data\INTERROOT_win32\</root>
      <path>paramdef\THROW_INFO_BANK.paramdef</path>
    </file>
    <file>
      <flags>0x40</flags>
      <id>22</id>
      <root>N:\FRPG\data\INTERROOT_win32\</root>
      <path>paramdef\ENEMY_STANDARD_INFO_BANK.paramdef</path>
    </file>
    <file>
      <flags>0x40</flags>
      <id>23</id>
      <root>N:\FRPG\data\INTERROOT_win32\</root>
      <path>paramdef\BEHAVIOR_PARAM_ST.paramdef</path>
    </file>
    <file>
      <flags>0x40</flags>
      <id>24</id>
      <root>N:\FRPG\data\INTERROOT_win32\</root>
      <path>paramdef\NPC_PARAM_ST.paramdef</path>
    </file>
    <file>
      <flags>0x40</flags>
      <id>25</id>
      <root>N:\FRPG\data\INTERROOT_win32\</root>
      <path>paramdef\ATK_PARAM_ST.paramdef</path>
    </file>
    <file>
      <flags>0x40</flags>
      <id>26</id>
      <root>N:\FRPG\data\INTERROOT_win32\</root>
      <path>paramdef\NPC_THINK_PARAM_ST.paramdef</path>
    </file>
    <file>
      <flags>0x40</flags>
      <id>27</id>
      <root>N:\FRPG\data\INTERROOT_win32\</root>
      <path>paramdef\MAGIC_PARAM_ST.paramdef</path>
    </file>
    <file>
      <flags>0x40</flags>
      <id>28</id>
      <root>N:\FRPG\data\INTERROOT_win32\</root>
      <path>paramdef\MOVE_PARAM_ST.paramdef</path>
    </file>
    <file>
      <flags>0x40</flags>
      <id>29</id>
      <root>N:\FRPG\data\INTERROOT_win32\</root>
      <path>paramdef\OBJECT_PARAM_ST.paramdef</path>
    </file>
    <file>
      <flags>0x40</flags>
      <id>30</id>
      <root>N:\FRPG\data\INTERROOT_win32\</root>
      <path>paramdef\BULLET_PARAM_ST.paramdef</path>
    </file>
    <file>
      <flags>0x40</flags>
      <id>31</id>
      <root>N:\FRPG\data\INTERROOT_win32\</root>
      <path>paramdef\SP_EFFECT_PARAM_ST.paramdef</path>
    </file>
    <file>
      <flags>0x40</flags>
      <id>32</id>
      <root>N:\FRPG\data\INTERROOT_win32\</root>
      <path>paramdef\SP_EFFECT_VFX_PARAM_ST.paramdef</path>
    </file>
    <file>
      <flags>0x40</flags>
      <id>33</id>
      <root>N:\FRPG\data\INTERROOT_win32\</root>
      <path>paramdef\TALK_PARAM_ST.paramdef</path>
    </file>
    <file>
      <flags>0x40</flags>
      <id>34</id>
      <root>N:\FRPG\data\INTERROOT_win32\</root>
      <path>paramdef\MENU_PARAM_COLOR_TABLE_ST.paramdef</path>
    </file>
    <file>
      <flags>0x40</flags>
      <id>35</id>
      <root>N:\FRPG\data\INTERROOT_win32\</root>
      <path>paramdef\ITEMLOT_PARAM_ST.paramdef</path>
    </file>
    <file>
      <flags>0x40</flags>
      <id>36</id>
      <root>N:\FRPG\data\INTERROOT_win32\</root>
      <path>paramdef\CHARACTER_INIT_PARAM.paramdef</path>
    </file>
    <file>
      <flags>0x40</flags>
      <id>37</id>
      <root>N:\FRPG\data\INTERROOT_win32\</root>
      <path>paramdef\FACE_PARAM_ST.paramdef</path>
    </file>
    <file>
      <flags>0x40</flags>
      <id>38</id>
      <root>N:\FRPG\data\INTERROOT_win32\</root>
      <path>paramdef\RAGDOLL_PARAM_ST.paramdef</path>
    </file>
    <file>
      <flags>0x40</flags>
      <id>39</id>
      <root>N:\FRPG\data\INTERROOT_win32\</root>
      <path>paramdef\QWC_CHANGE_PARAM_ST.paramdef</path>
    </file>
    <file>
      <flags>0x40</flags>
      <id>40</id>
      <root>N:\FRPG\data\INTERROOT_win32\</root>
      <path>paramdef\QWC_JUDGE_PARAM_ST.paramdef</path>
    </file>
    <file>
      <flags>0x40</flags>
      <id>41</id>
      <root>N:\FRPG\data\INTERROOT_win32\</root>
      <path>paramdef\GAME_AREA_PARAM_ST.paramdef</path>
    </file>
    <file>
      <flags>0x40</flags>
      <id>42</id>
      <root>N:\FRPG\data\INTERROOT_win32\</root>
      <path>paramdef\SKELETON_PARAM_ST.paramdef</path>
    </file>
    <file>
      <flags>0x40</flags>
      <id>43</id>
      <root>N:\FRPG\data\INTERROOT_win32\</root>
      <path>paramdef\CACL_CORRECT_GRAPH_ST.paramdef</path>
    </file>
    <file>
      <flags>0x40</flags>
      <id>44</id>
      <root>N:\FRPG\data\INTERROOT_win32\</root>
      <path>paramdef\LOCK_CAM_PARAM_ST.paramdef</path>
    </file>
    <file>
      <flags>0x40</flags>
      <id>45</id>
      <root>N:\FRPG\data\INTERROOT_win32\</root>
      <path>paramdef\OBJ_ACT_PARAM_ST.paramdef</path>
    </file>
    <file>
      <flags>0x40</flags>
      <id>46</id>
      <root>N:\FRPG\data\INTERROOT_win32\</root>
      <path>paramdef\HIT_MTRL_PARAM_ST.paramdef</path>
    </file>
    <file>
      <flags>0x40</flags>
      <id>47</id>
      <root>N:\FRPG\data\INTERROOT_win32\</root>
      <path>paramdef\KNOCKBACK_PARAM_ST.paramdef</path>
    </file>
    <file>
      <flags>0x40</flags>
      <id>48</id>
      <root>N:\FRPG\data\INTERROOT_win32\</root>
      <path>paramdef\LEVELSYNC_PARAM_ST.paramdef</path>
    </file>
    <file>
      <flags>0x40</flags>
      <id>49</id>
      <root>N:\FRPG\data\INTERROOT_win32\</root>
      <path>paramdef\COOL_TIME_PARAM_ST.paramdef</path>
    </file>
    <file>
      <flags>0x40</flags>
      <id>50</id>
      <root>N:\FRPG\data\INTERROOT_win32\</root>
      <path>paramdef\WHITE_COOL_TIME_PARAM_ST.paramdef</path>
    </file>
  </files>
</bnd3>